url	keywords	competitors
https://webforgood.fr/blog/en/google-indexing-api-tutorial-english/	"google indexing api nodejs; google index api; google indexing api php; google index api php; google indexing api; google indexing api quota; api indexing google; indexing api; add url google search; add url to google index; api english; api for google rankings; api for google search; api google console; api google index; api google search; api google search console; api gsc; api in english; api index; api index google; api indexation google; api indexing; api speakers; bulk indexing check; bulk indexing checker; bulk indexing google; bulk request indexing google; bulk submit url to google; bulk url indexer; check google indexing; check google indexing status; check url indexing; check website indexed by google; cloud search console; cloud storage json api; console api google; de indexing google; demonstrate how to use the google webmaster indexing api; demonstrate how to use the google webmasters indexing api; english file index; gcp quota api; gcp search api; get google index; get google to index your website; get indexed by google; golang google search api; google add to index; google add url to index; google api console; google api for indexing; google api for seo; google api index; google api indexing; google api search console; google api tutorial; google apis npm; google bulk inspect urls; google cloud api tutorial; google cloud console; google cloud email api; google cloud indexing api; google cloud search api example; google cloud search console; google cloud search indexing api; google cloud storage json api example; google cloud tutorials; google console api; google console index; google console indexing; google console tutorial; google contacts api javascript; google index api nedir; google index checker api; google index console; google index now api; google index service; google index url; google indexation indexation fr; google indexation indexation.fr; google indexation www.indexation.fr; google indexer; google indexer api; google indexering; google indexing; google indexing api batch request; google indexing api example; google indexing api github; google indexing api key; google indexing api limit; google indexing api limits; google indexing api pricing; google indexing api python; google indexing api tool; google indexing api tutorial; google indexing api wordpress; google indexing api инструкция; google indexing api настройка; google indexing api-php; google indexing check; google indexing console; google indexing process; google indexing service; google indexing services; google indexing site; google indexing test; google indexing time; google indexing tools; google indexing website; google indexnow; google indexnow api; google instant indexing api; google instant indexing api settings; google job indexing api; google job posting api; google page indexing; google request indexing; google search api; google search api javascript; google search api nodejs; google search api tutorial; google search console api; google search console api documentation; google search console api example; google search console api index; google search console api key; google search console api php; google search console api php example; google search console api service account; google search console daily quota; google search console english; google search console index; google search console indexing; google search console indexing api; google search console indexing request; google search console request indexing; google search console url inspection api; google search index api; google search indexing; google search via api; google seo api; google sites indexing; google status api; google tutorial; google url indexing; google url inspection api; google web indexing; google webmaster api; google webmaster index; google webmaster tools api; google webmaster tools bulk url removal; google webmaster tools tutorial; google webmaster tutorial; google webmasters api; google website indexing; google-index-checker api; google.php?index=; google’s indexing api; graph api indexing; gsc api; gsc api documentation; gsc url inspection api; how does google indexing work; how to check google index status; how to check google indexing; how to do google indexing; how to get google to index a page; how to get google to index your website; how to index in google; how to index url in google; how to index url in google search console; how to index website on google; how to request google indexing; how to request indexing google; how to request indexing google search console; how to use google indexing api; how to use google search api; how to use google search api in javascript; index api; index api google; index now api; index now google; index tutorial; index url google; indexation google indexation fr; indexation google indexation.fr; indexation google www.indexation.fr; indexcing api; indexed by google; indexed on google; indexer api; indexer google; indexering google; indexing api google; indexing api php; indexing api quota; indexing by google; indexing google; indexing google api; indexing google search; indexing google search console; indexing in google; indexing js; indexing on google; indexing pages on google; indexing tutorial; indexing website on google; indexing with google; indexingapi; indices api; js indexing; nodejs google search api; page indexing google; page speed insights api; request indexing google; request indexing google search console; request indexing on google search console; search console api; search console api key; search console api php; search console indexing; search console indexing api; search console url inspection api; seo api google; seo indexing service; service_account.json; start google indexing; submit to google for indexing; submit url for indexing google; test google indexing; url indexing; url indexing google; url inspection api; using google search api"	"https://developers.google.com/custom-search/v1/overview; https://developers.google.com/webmaster-tools; https://developers.google.com/custom-search/v1/using_rest; https://www.jcchouinard.com/how-to-connect-to-google-search-console-api-using-python/; https://serpapi.com/"
https://webforgood.fr/blog/tutoriel-google-indexing-api-nodejs/	"api indexation google; google indexing api; google index api; google indexing api nodejs; agence next js; api google; api google console; api google index; api google search; api google search console; api gsc; api index google; api indexing; api indexing google; api recherche google; api search console; api search google; api tuto; associations search console; console api google; console search google; creation site node; créer une api; créer une api node js; gg search console; google api; google api console; google api index; google api indexing; google api node; google api node js; google api nodejs; google api search console; google apis nodejs; google cloud indexing api; google cloud search indexing api; google cloud storage nodejs; google console api; google console index; google crawling; google de indexing pages; google index; google indexation; google indexation indexation fr; google indexation indexation.fr; google indexed; google indexer api; google indexing; google indexing api plugin; google indexing api quota; google indexing service; google indexing services; google nodejs; google nodejs api; google page indexing; google rank api; google reserve api; google search api; google search api nodejs; google search console; google search console indexation; google search console indexing api; google site indexing; google.indexing; gsc api; how to use google search api in javascript; index api google; index google; index google search console; index js; indexation google; indexation google indexation fr; indexation google indexation.fr; indexation google search console; indexed by google; indexed google; indexed on google; indexer google; indexer url google; indexing; indexing api; indexing api google; indexing google; indexing google api; indexing google search; indexing in js; indexing js; indexing on google; indexing with google; js for of index; node google; node google api; node js google api; node js tuto; node js tutoriel; node.js google; nodejs google; nodejs google api; nodejs tuto; nodejs tutoriel; page indexing google; rank math google indexing api; rank math indexing api; search api in node js; search console; search console indexing api; site indexing; site indexing google; tuto api; tuto google search console; tuto node js; tuto nodejs; tutoriel google site; tutoriel node js; tutoriel nodejs"	"https://www.w3schools.com/nodejs/; https://help.ovhcloud.com/csm/fr-public-cloud-databases-mongodb-build-nodejs-app?id=kb_article_view&sysparm_article=KB0049178; https://learn.microsoft.com/fr-fr/windows/dev-environment/javascript/nodejs-beginners-tutorial; https://grafikart.fr/tutoriels/nodejs; https://nodejs.developpez.com/cours/"
https://webforgood.fr/	"elansia good web; agence seo centres de soins spa; coaching seo en france; consultant api; consultant référencement naturel; consultant seo; consultant seo nice; consultant seo pme; consultant seo technique; expert seo tools; faq consultant seo; good seo; good web; good web site; outil seo pme; référencement naturel garanti; screaming frog avis; seo good; seo marque blanche; seo pme; seo technique; spécialiste seo b2b; the good web"	"https://ssir.org/articles/entry/the_good_web; https://securingdemocracy.gmfus.org/good-web/; https://github.com/ggez/good-web-game; https://www.instagram.com/thegoodweb.publicite/?hl=en; https://www.smashingmagazine.com/2008/01/10-principles-of-effective-web-design/"
https://webforgood.fr/blog/en/bulk-performance-test/	"bulk page speed test; api pagespeed; api pagespeed insights; api test page; bulk page speed; bulk page speed checker; bulk page speed insights; bulk pagespeed; bulk pagespeed insights; bulk rank checker; bulk url tester; check page performance; check website speed google; cooper test norms; cooper test resultat; cooper test results table; core web vitals screaming frog; create sitemap screaming frog; good urls; googla page speed; google api test; google api testing; google console speed test; google dev speed; google developer website speed test; google index test; google insight pagespeed test; google insight test; google insights api; google insights page speed; google insights speed test; google insights test; google page insights api; google page load test; google page performance; google page performance test; google page ranking api; google page speed analyzer; google page speed api; google page speed api key; google page speed insight; google page speed insights; google page speed insights api; google page speed tes; google page speed test; google page speeed; google page spped test; google page test; google pages speed test; google pagespeed; google pagespeed api; google pagespeed api key; google pagespeed check; google pagespeed insights; google pagespeed insights api; google pagespeed insights api key; google pagespeed insights test; google pagespeed test; google pagespeed tester; google performance api; google performance test; google performance test website; google performance testing; google search console url inspection api; google seo speed test; google site performance checker; google site speed test; google site test; google speed page test; google speed rest; google speed site test; google speed test api; google test page speed; google test performance; google test site; google test site performance; google test site speed; google test website; google test website speed; google web performance test; google web speed test; google website speed test; google website test; google website testing; google's pagespeed; googlepage speed; how to use pagespeed insights api for core web vitals; insight speed test; insights blue; insights speed test; node js performance testing; node performance testing; nodejs seo tools; page insights api; page load test google; page performance checker; page performance test; page sped test; page speed api; page speed api key; page speed google; page speed google test; page speed insight; page speed insight api; page speed insights; page speed insights api; page speed insights api key; page speed insights english; page speed performance test; page speed test google; page speed web dev; page test google; page test insights; pagespeed analyse; pagespeed api; pagespeed api key; pagespeed api limits; pagespeed consultants; pagespeed dev; pagespeed google test; pagespeed guide; pagespeed insight api; pagespeed insight test; pagespeed insighta; pagespeed insights; pagespeed insights api; pagespeed insights api key; pagespeed insights api limits; pagespeed insights api pricing; pagespeed insights api python; pagespeed insights api screaming frog; pagespeed insights de google; pagespeed insights english; pagespeed insights google; pagespeed insights ip address; pagespeed insights mobile; pagespeed insights test; pagespeed insights tutorial; pagespeed tes; pagespeed test; pagespeed test google; pagespeed test insights; pagespeed test insights google; pagespeed teste; pagespeed testen; pagespeed tester; pagespeed testing; pagespeed tests; pagespeed web dev; pagespeed.web.dev api; pagespeed.web.dev english; pagespped test; performance test google; performance testing google; performantie website testen; screaming frog cli; screaming frog core web vitals; screaming frog ip address; screaming frog page speed; screaming frog page speed insights; screaming frog pagespeed insights api; screaming frog search console api; screaming frog tutorial; screamingfrog api; seo performance test; seo speed test google; site test google; sitespeed check; speat test; speed index pagespeed insights; speed insight test; speed insights test; speed page test; speed page test google; speed test google website; speedpage test; test pagespeed; test performance site web google; test site google; test site seo; test site seo google; test site web google; test speed insight; test speed insights; test url google; testing urls; time bulk; url performance test"	"https://www.webpagetest.org/; https://gtmetrix.com/; https://tools.pingdom.com/; https://pagespeed.web.dev/; https://www.debugbear.com/test/website-speed"
https://webforgood.fr/blog/test-performances/	"pagespeed test; analyse performance site web google; bulk page speed; bulk page speed checker; bulk page speed test; bulk pagespeed insights; comment tester la performance de son pc; cooper test resultat; core web vitals api; first contentful paint c'est quoi; google page speed; google page speed test; google page speed tester; google pagespeed test; google performance site; google performance test; google site performance; google site test; google site tester; google test page; google test performance; google test performance site; google test site; google test vitesse; google test website; google teste site; google vitesse site; google web performance; google web tester; google website test; mesurer performance site web; mesurer vitesse site; page performance; page performance test; page speed; page speed test; page speed test google; page speed teste; page speed tester; page speed tester google; page speed tests; page speed web; page test google; page tester; page web test; pages test; pagespeed alternative; pagespeed api; pagespeed audit; pagespeed google; pagespeed google test; pagespeed in; pagespeed insights test; pagespeed site; pagespeed test google; pagespeed test insights google; pagespeed test website; pagespeed tester; pagespeed tests; pagespped; performance site google; performance site test; performance site web google; performance test google; performance test web; performance web test; plusieur photo sur une page; rapidité site web outils test; rapidité site web test; resultat test cooper; site page speed test; site performance test; site performance test google; site test google; site web test; speedpage test; test chargement site; test chargement site web; test cooper resultat; test cooper résultat; test core web vitals; test de performance; test de performance site web; test de performances; test de performances site web; test de vitesse de site web; test google page speed; test google site; test page; test page google; test page speed; test page speed google; test page speed mobile; test page web; test page website; test pagespeed; test pagespeed google; test performance google; test performance mobile; test performance page web; test performance site; test performance site internet; test performance site web; test performance site web google; test performance site web ligne; test performance web; test performance website; test rapidité page web; test rapidité site; test rapidité site internet; test site google; test site performance; test site performance google; test site web; test site web google; test site web performance; test temps de chargement site; test vitesse chargement page; test vitesse chargement site; test vitesse chargement site internet; test vitesse google; test vitesse page web; test vitesse site; test vitesse site google; test vitesse site internet google; test vitesse site mobile; test vitesse site web; test vitesse site web google; test vitesse site web mobile; test web core vitals; test web page; test web page performance; test web page speed; test web performance; test web site; tester la performance d un site web; tester la performance d'un site web; tester la rapidité d'un site; tester la rapidité du site; tester la vitesse d un site; tester la vitesse d'un site; tester la vitesse de chargement d'un site; tester la vitesse de mon site; tester la vitesse de mon site web; tester meme; tester mon site web; tester page web; tester performance; tester performance site; tester performance site web; tester rapidité site; tester rapidité site internet; tester site web; tester vitesse d'un site; tester vitesse site; tester vitesse site web; tests de performances; total blocking time c'est quoi"	"https://www.fasterize.com/fr/blog/total-blocking-time/; https://www.dareboost.com/fr/doc/test-performance-web/indicateurs/total-blocking-time-tbt; https://createur2site.fr/seo/technique/core-web-vitals/tbt/; https://www.blogdumoderateur.com/lighthouse-score-performance-web/; https://www.welovespeed.com/2023/interventions/"
https://webforgood.fr/recuperation-site-wordpress-pirate/	"piratage par mots clés japonais; ajouter des mots clés aux pages wordpress; browseo; browseo.net; comment nettoyer un site wordpress piraté; effacé des liens piraté wordpress; google pirate search engine; hack japonais; ktrafficclient; mots clés wordpress; nettoyer site wordpress piraté; nettoyer wordpress; nettoyé site piraté wordpress; ou mettre les mots clés dans wordpress; piratage wordpress; pirate en japonais; pirate japonais; réparation de site wordpress piraté; site piraté en japonais; site wordpress hacké; site wordpress piraté; urgence site wordpress hacké"	"https://www.easyhoster.com/piratage/; https://optinmonster.com/how-to-use-urgency-to-hack-your-conversion-rate/; https://justgngr.wordpress.com/2013/01/16/st-lukes-hospital/; https://www.securitewp.com/blog/actualite-wordpress/updraftplus/; https://www.erictison.fr/urgence-depannage"
https://webforgood.fr/blog/integrer-youtube/	"accelerer le chargement des pages web; accelerer video youtube; api youtube wordpress; autoplay video seo; chargement video; chargement video lent; chargement video youtube lent; chargement vidéo; chargement vidéo youtube; chargement youtube; chargement youtube lent; code d'intégration youtube; code html video youtube; code video youtube; comment améliorer le son d'une vidéo; comment mettre des chapitres sur youtube; extension accélérer vidéo; iframe seo; iframe shopify video; iframe youtube responsive; insérer une vidéo dans wordpress; insérer vidéo youtube html; intégrer iframe wordpress; intégrer video youtube html; mettre une vidéo sur shopify sans youtube; modifier vitesse video youtube; optimisation de la vitesse de page; optimise video for web; optimiser video pour le web; page accueil youtube; page de chargement; ralentir une video; ralentir une video youtube; ralentir une vidéo; ralentir video; ralentir video youtube; ralentissement youtube; remplacer iframe; sans ralentir; seo iframe; site de meme video; site mobile wordpress; site web video; site web youtube; surtout sans ralentir; video page; video pour site web; video site web; video youtube au ralenti"	"https://www.youtube.com/watch?v=8SUvLQw5eDk; https://support.google.com/youtube/answer/7509567?hl=en&co=GENIE.Platform%3DAndroid; https://www.youtube.com/watch?v=6TXl6i-ZpZo; https://support.google.com/youtube/answer/7509567?hl=fr&co=GENIE.Platform%3DDesktop; https://www.youtube.com/watch?v=lYGH-9I9xHg"
https://webforgood.fr/blog/tutoriel-google-indexing-api-nodejs/#etapes-detaillees-pour-debutants	"api indexation google; google indexing api; google indexing api nodejs; indexing api"	"https://developers.google.com/search/apis/indexing-api/v3/quickstart; https://console.cloud.google.com/apis/library/indexing.googleapis.com; https://developers.google.com/search/apis/indexing-api/v3/using-api; https://rankmath.com/blog/google-indexing-api/; https://support.google.com/webmasters/thread/204616429/does-use-of-the-indexing-api-cause-more-bad-than-good?hl=en"
https://webforgood.fr/blog/tutoriel-google-indexing-api-nodejs/#pour-les-agences-webmasters-et-developpeurs	"api indexation google; google indexing api; google indexing api nodejs; indexing api"	"https://developers.google.com/search/apis/indexing-api/v3/quickstart; https://console.cloud.google.com/apis/library/indexing.googleapis.com; https://developers.google.com/search/apis/indexing-api/v3/using-api; https://rankmath.com/blog/google-indexing-api/; https://support.google.com/webmasters/thread/204616429/does-use-of-the-indexing-api-cause-more-bad-than-good?hl=en"
https://webforgood.fr/google-indexing-api/	"api for seo; api google index; api gsc; api index google; api indexation google; api seo; demande d'indexation google; demande indexation google; demander indexation google; demander une indexation google; google api for seo; google api index; google api seo; google indexation; google indexation indexation fr; google indexation indexation.fr; google indexation site; google indexation www.indexation.fr; google indexer; google indexer api; google indexer site; google indexing api; google search api; google search console indexation; google seo api; gsc api; index api google; indexation google; indexation google indexation fr; indexation google indexation.fr; indexation google référencement; indexation google search console; indexation google www.indexation.fr; indexation page google; indexation rapide google; indexation seo; indexation site google; indexation sur google; indexer seo; indexer son site sur google; indexer url google; indexing api google; les différents types d'indexation; page non indexée google; seo api; seo api google; seo indexer; seo indexing service; supprimer indexation google"	"https://support.google.com/webmasters/answer/9689846?hl=fr; https://www.digimood.com/tuto/comment-supprimer-rapidement-une-page-web-de-lindex-de-google/; https://support.google.com/webmasters/answer/9689846?hl=en; https://developers.google.com/search/docs/crawling-indexing/prevent-images-on-your-page; https://academia.stackexchange.com/questions/28161/how-to-transfer-or-delete-a-google-scholar-profile-from-my-own-account"
https://webforgood.fr/blog/preparation-pour-audit/	"ahrefs actie; audit e commerce; audit e-commerce; audit e-commerce shopify; audit seo e commerce; audit seo e-commerce; audit seo ecommerce; audit seo shopify; audit seo site e-commerce; audit seo technique site e-commerce; consultant seo video; e-commerce seo audit; ecommerce seo audit; google search console audit; google search console seo audit; pré audit seo; pré-audit seo; shopify google search console; shopify search console; shopify seo audit; shopify video; video commerce shopify"	"https://apps.shopify.com/reactive; https://www.shopify.com/in/blog/product-video; https://community.shopify.com/c/shopify-discussions/my-video-isn-t-loading-for-ios-users/td-p/933311; https://www.shopify.com/blog/69521733-proceed-to-checkout-the-unexpected-story-of-how-ecommerce-started; https://community.shopify.com/c/shopify-discussions/youtube-video-unavailable-error-in-image-gallery/td-p/1801488"
https://webforgood.fr/coaching-seo-pour-e-commerce/	"coach e commerce; coach e-commerce; coach ecommerce; coach en référencement; coach seo; coaching e commerce; coaching e-commerce; coaching ecommerce; coaching en référencement; coaching en seo; coaching referencement; coaching référencement; coaching seo; coaching seo en france; consultant seo boutique en ligne; consultant seo e-commerce; consultant seo ecommerce; e commerce coach; ecommerce seo consultant; seo coach; seo coaches; seo coaching; seo coaching online; seo commerce; seo ecommerce; seo ecommerce consultant; seo for ecommerce; seo trainer"	"https://academy.hubspot.com/courses/seo-training; https://www.udemy.com/course/whiteboard-seo/; https://backlinko.com/seo-training; https://www.seotraining.com/; https://yoast.com/academy/"
https://webforgood.fr/google-search-console-coaching/	"accompagnement personnalisé seo; apprendre le seo; cgoogle search console; coach console; coach en référencement; coaching en référencement; coaching google; coaching référencement; coaching référencement naturel; coaching seo; coaching seo premier sur google; coaching seo être premier sur google; console de recherche google; console search google; consultant seo la garde; formation google search console; formation google search console débutant; formation google search console débutant online; formation google search console on page seo; formation search; formation search console; gogoel search console; google coaching; google seach console; google search console; google search console logo; google search console logo png; gsc seo; logo search console; search consoel; search console; search console google; searchconsole; seo coach; seo coach analytics; seo coaching"	"https://sheknowsseo.co/seo-coaching/; https://academy.hubspot.com/courses/seo-training; https://diggitymarketing.com/seo-consulting/; https://www.captivatedesigns.com/seo-coaching/; https://www.seotraining.com/"
https://webforgood.fr/optimisation-de-la-vitesse-du-site-shopify/	"comment faire de l'optimisation pour les sites web en shopify; conversion optimiser; devis shopify; google search console shopify; insérer une video sur l'accueil de son site shopify en continue; shopify google search console; shopify optimisation; shopify search console; taux de conversion shopify"	"https://www.shopify.com/fr/blog/comment-augmenter-le-taux-de-conversion-e-commerce; https://apps.shopify.com/second-add-to-cart-button/reviews; https://www.shopify.com/blog/skin-care-marketing-online-store; https://help.shopify.com/en/manual/markets/pricing/exchange-rates; https://www.lesensdelahutte.com/post/benchmark-bon-taux-de-conversion"
https://webforgood.fr/blog/ergonomie-mobile/	"balise canonique; ergonomie mobile; ergonomie mobile google; fichier robots.txt; google test robots.txt; indexée malgré le blocage par le fichier robots.txt; test ergonomie mobile; test fichier robots.txt; test robots txt google; test robots.txt google; txt mobile"	"https://stackoverflow.com/questions/34077320/should-i-include-mobile-site-urls-in-robots-txt; https://www.texas.gov/texas-by-texas/; https://pubmed.ncbi.nlm.nih.gov/16046689/; https://support.google.com/merchants/answer/6101165?hl=en; https://www.reddit.com/r/godot/comments/lztdl5/reading_from_txt_file_and_mobile_version_problem/"
https://webforgood.fr/blog/en/google-indexing-api-tutorial-english/#before-you-begin	"demonstrate how to use the google webmasters indexing api; google indexing api example; google indexing api github; google indexing api nodejs; google indexing api quota; google indexing api tutorial; how to use google indexing api"	"https://developers.google.com/search/apis/indexing-api/v3/quickstart; https://rankmath.com/blog/google-indexing-api/; https://developers.google.com/search/apis/indexing-api/v3/using-api; https://www.seopress.org/support/guides/google-indexing-api-with-seopress/; https://console.cloud.google.com/apis/library/indexing.googleapis.com"
https://webforgood.fr/blog/en/google-indexing-api-tutorial-english/#step-by-step-tutorial	"demonstrate how to use the google webmasters indexing api; google indexing api example; google indexing api github; google indexing api nodejs; google indexing api quota; google indexing api tutorial; how to use google indexing api"	"https://developers.google.com/search/apis/indexing-api/v3/quickstart; https://rankmath.com/blog/google-indexing-api/; https://developers.google.com/search/apis/indexing-api/v3/using-api; https://www.seopress.org/support/guides/google-indexing-api-with-seopress/; https://console.cloud.google.com/apis/library/indexing.googleapis.com"
https://webforgood.fr/blog/en/google-indexing-api-tutorial-english/#summary-for-agencies-webmasters--devs	"demonstrate how to use the google webmasters indexing api; google indexing api example; google indexing api github; google indexing api nodejs; google indexing api quota; google indexing api tutorial; how to use google indexing api"	"https://developers.google.com/search/apis/indexing-api/v3/quickstart; https://rankmath.com/blog/google-indexing-api/; https://developers.google.com/search/apis/indexing-api/v3/using-api; https://www.seopress.org/support/guides/google-indexing-api-with-seopress/; https://console.cloud.google.com/apis/library/indexing.googleapis.com"
https://webforgood.fr/optimisation-vitesse-wordpress/	"cdn gratuit wordpress; optimisation vitesse chargement site web wordpress google page speed; optimisation vitesse wordpress; optimiser wordpress vitesse"	"https://standout-france.fr/optimiser-la-vitesse-de-chargement-d-un-site-wordpress/; https://www.codeur.com/tuto/wordpress/augmenter-vitesse-site-wordpress/; https://blog.hubspot.com/website/easy-steps-to-speed-up-your-wordpress-site; https://www.hostinger.fr/tutoriels/optimiser-wordpress; https://www.ionos.fr/digitalguide/hebergement/blogs/comment-rendre-wordpress-plus-rapide/"
https://webforgood.fr/contact/	"agence seo yvelines; consultant seo paris; prestataire référencement naturel; prestataire seo"	"https://www.aab-marketing.com/en/; https://agence.media/prestataire-seo/; https://www.aab-marketing.com/en/multilingual-seo-expert/training/; https://fr.fiverr.com/content/rt/subscriptions-spotlight-ammar; https://gaynako.com/referencement-seo/comment-remunerer-votre-prestataire-seo/"
https://webforgood.fr/services/	"données structurées wordpress; seo services; seo webmaster; service seo; services of seo; services seo"	"https://www.fiverr.com/categories/online-marketing/seo-services; https://thriveagency.com/digital-marketing-services/search-engine-optimization-seo/; https://www.webfx.com/blog/seo/what-are-seo-services/; https://coalitiontechnologies.com/seo-search-engine-optimization; https://www.mainstreethost.com/seo-services/"