url,title,h1,meta_description
https://webforgood.fr/,Consultant SEO Technique,Consultant SEO Technique,Obtenir des r√©sultats en e-commerce et se faire coacher en r√©f√©rencement naturel
https://webforgood.fr/blog/,‚ú® Articles et vid√©os pour comprendre le r√©f√©rencement naturel,"Articles, vid√©os et astuces SEO",üëâ  On couvre le SEO technique et contenu. Vous y trouverez des exemples et conseils en r√©f√©rencement naturel
https://webforgood.fr/coaching-seo-pour-e-commerce/,E-commerce SEO coaching,E-commerce SEO coaching,Optimisez votre boutique e-commerce avec un coaching personnalis√© pour optimiser le r√©f√©rencement naturel du site
https://webforgood.fr/contact/,Prestataire SEO - Paris (75) et Yvelines (78),Contact prestataire SEO en r√©gion parisienne (78) et (75),"Prestations en r√©f√©rencement naturel. Conseils (sans obligation) avec Joseph de WebForGood, consultant SEO avec 15 ans d'exp√©rience. "
https://webforgood.fr/corrections-des-donnees-structurees/,SEO technique : Corrections donn√©es structur√©es pour e-commerce,Corrections des donn√©es structur√©es,Augmentez vos CTR en am√©liorant les donn√©es structur√©es sur votre boutique e-commerce.
https://webforgood.fr/google-indexing-api/,Utilisez l'API d'Indexation de Google pour am√©liorer le r√©f√©rencement de votre site web,Indexation rapide avec Google Indexing API,D√©couvrez comment utiliser l'API d'indexation de Google pour am√©liorer le r√©f√©rencement de votre site web. Boostez votre visibilit√© dans les r√©sultats de recherche gr√¢ce √† nos conseils d'experts sur l'indexation et la soumission d'URL. En savoir plus sur WebForGood !
https://webforgood.fr/google-search-console-coaching/,Google Search Console SEO coaching,Google Search Console SEO coaching,‚úÖ Coaching SEO personnalis√© pour votre site et votre Google Search Console.
https://webforgood.fr/optimisation-de-la-vitesse-du-site-shopify/,Am√©liorez la vitesse de votre Shopify pour plus de conversions,Optimisation de la vitesse du site Shopify,"Plus de conversions et moins de CPC, la vitesse du site ecommerce Shopify n'est plus un luxe - Conseil sans obligation."
https://webforgood.fr/optimisation-vitesse-wordpress/,Optimisez la vitesse du site WordPress,Optimisation de la vitesse du site WordPress,Am√©liorez la vitesse de chargement pour gagner en conversion. Nous nous en occupons de A √† Z. Conseil sans obligation. 
https://webforgood.fr/privacy/,"Mentions l√©gales, conditions et confidentialit√©",Conditions et confidentialit√©,Conditions g√©n√©rales et confidentialit√© de WebForGood.fr
https://webforgood.fr/recuperation-site-wordpress-pirate/,R√©cup√©rer un WordPress hack√© par mots-cl√©s japonais,R√©cup√©ration site WordPress pirat√©,Nettoyage du hack par mots-cl√©s japonais et r√©cup√©ration de WordPress. Eliminez les milliers de liens spams et s√©curisez votre site web.
https://webforgood.fr/services/,"üëá Services SEO, Webmaster et D√©veloppement Web",Prestataire SEO en r√©gion parisienne,Prestataire SEO  üöÄ Accompagnement et coaching r√©f√©rencement pour PME et agences 
https://webforgood.fr/blog/7-conseils-optimiser-ecommerce-referencement-naturel/,7 conseils SEO pour optimiser son e-commerce,R√©f√©rencement SEO pour les sites e-commerce,"Optimisez votre site e-commerce pour le r√©f√©rencement naturel gr√¢ce √† 7 astuces essentielles. Am√©liorez vos performances avec nos conseils d'experts sur la recherche de mots-cl√©s, le contenu et l'optimisation technique."
https://webforgood.fr/blog/analyse-seo-ecommerce/,Pr√©-analyse SEO Shopify avec Google Search Console,Analyse d'un site e-commerce Shopify avec la Google Search Console,2 vid√©os / 34 minutes - Pr√©parer une analyse SEO pour Shopify avec la Google Search Console. 
https://webforgood.fr/blog/en/,Technical SEO Tutorials,Technical SEO Tutorials,Technical SEO Tutorials related to PageSpeed and Google Indexing API
https://webforgood.fr/blog/ergonomie-mobile/,"Ergonomie mobile, pourquoi Google ne comprend pas la page ? Quelle relation avec robots.txt ?",Ergonomie mobile,"Ergonomie mobile, pourquoi Google ne comprend pas la page comme adapt√©e aux √©crans mobile ? Quelle relation avec le fichier robots.txt ?"
https://webforgood.fr/blog/integrer-youtube/,Am√©liorer la vitesse d‚Äôune page web m√™me avec YouTube int√©gr√©,Comment int√©grer une vid√©o YouTube sur WordPress sans ralentir le chargement ?,L‚Äôastuce pour am√©liorer la vitesse d‚Äôune page web quand elle int√®gre une vid√©o YouTube
https://webforgood.fr/blog/preparation-pour-audit/,7 vid√©os audit SEO e-commerce sur Shopify,Pr√©paration pour un audit SEO Shopify e-commerce (7 vid√©os),Visionnez une pr√©paration d'audit SEO d'un e-commerce sur Shopify. 7 vid√©os et 150 minutes.
https://webforgood.fr/blog/test-performances/,Tutoriel complet pour tester les performances de plusieurs pages simultan√©ment,Tutoriel complet pour tester les performances de plusieurs pages simultan√©ment avec l'API Google PageSpeed,‚ú® Tutoriel pour tester les performances de plusieurs pages simultan√©ment avec l'API Google PageSpeed Insights
https://webforgood.fr/blog/tutoriel-google-indexing-api-nodejs/,Tutoriel Google Indexing API avec Node JS,Tutoriel Google Indexing API avec Node JS,"Tutoriel Indexation rapide et en masse avec l'API d'indexation par Google, via Node JS"
https://webforgood.fr/blog/en/bulk-performance-test/,‚úÖ Page Performance: Guide to Test Multiple URLs with Google PageSpeed Insights API,A Comprehensive Guide to Bulk Testing Multiple URLs with Google PageSpeed Insights API,"Manually testing page performance can be time-consuming. With this tutorial, test multiple URLs at once using Google's PageSpeed Insights API and a NodeJS."
https://webforgood.fr/blog/en/google-indexing-api-tutorial-english/,Using Google Indexing API - English Tutorial,Using Google Indexing API - English Tutorial,"Tutorial: How to use Google Indexing API, for fast and bulk indexing of URLs, using Node JS"
